BPS_ID#;KAB_NAME;2010_male;2010_female;2010_total;2015_male;2015_female;2015_total;2015_adult;poverty_rupiah;poverty_people;poverty_percent;electricity_count;electricty_percent
1101;Simeulue;41469;39205;80674;45483;43474;88957;58047;311351;18120;20,43;88,66;11,34
1102;Aceh Singkil;51772;50737;102509;57497;56826;114324;74599;351409;24840;21,72;96,4;3,6
1103;Aceh Selatan;99726;102525;202251;110375;114142;224515;156380;288619;29610;13,24;94,21;5,79
1104;Aceh Tenggara;89414;89596;179010;99388;100280;199668;135595;212025;30140;14,91;93,76;6,24
1105;Aceh Timur;180397;180078;360475;201001;201289;402290;262492;328048;63480;15,85;93,66;6,34
1106;Aceh Tengah;88793;86734;175527;98799;96954;195754;131818;380858;34260;17,51;94,71;5,29
1107;Aceh Barat;88090;85468;173558;97791;95666;193458;137909;424227;41360;21,46;94,64;5,36
1108;Aceh Besar;180575;170843;351418;200762;191142;391908;275891;366676;62270;15,93;98,03;1,97
1109;Pidie;183964;195144;379108;202488;215680;418163;291533;374031;88220;21,18;97,45;2,55
1110;Bireuen;191019;198269;389288;212457;222101;434555;305917;301027;73140;16,94;95,17;4,83
1111;Aceh Utara;262351;267400;529751;287696;295197;582890;394444;280683;111440;19,2;93,05;6,95
1112;Aceh Barat Daya;62700;63336;126036;69631;70818;140449;97698;292323;25930;18,25;94,9;5,1
1113;Gayo Lues;39586;39974;79560;43517;44213;87730;57469;286882;19320;21,95;95,38;4,62
1114;Aceh Tamiang;127355;124559;251914;140011;137841;277853;186836;343246;40380;14,57;98,49;1,51
1115;Nagan Raya;70606;69057;139663;78123;76680;154804;108628;361359;31320;20,13;96,27;3,73
1116;Aceh Jaya;39879;36903;76782;44894;41336;86232;60520;316304;13850;15,93;95,47;4,53
1117;Bener Meriah;62059;60218;122277;69033;67552;136586;93529;338719;29310;21,55;92,88;7,12
1118;Pidie Jaya;65004;67952;132956;72545;75921;148465;103681;380371;31810;21,4;95,66;4,34
1171;Banda Aceh;115097;108349;223446;128705;121163;249871;188541;523444;19300;7,72;99,97;0,03
1172;Sabang;15600;15053;30653;16784;16379;33163;23020;475111;5860;17,69;99,68;0,32
1173;Langsa;73996;74949;148945;82125;83482;165606;113985;307260;19220;11,62;99,66;0,34
1174;Lhokseumawe;85436;85727;171163;95067;96015;191082;130709;303155;23150;12,16;99,68;0,32
1175;Subulussalam;34064;33382;67446;37989;37072;75061;44599;244628;15250;20,39;97,97;2,03
1201;Nias;64057;67320;131377;66230;70013;136244;80940;287527;24530;18,05;54,45;45,55
1202;Mandailing Natal;199037;205908;404945;211300;219995;431295;277798;280506;47790;11,13;81,07;18,93
1203;Tapanuli Selatan;131200;132615;263815;136550;138798;275348;176977;300449;31200;11,37;88,33;11,67
1204;Tapanuli Tengah;156377;154855;311232;175519;174809;350328;218643;307710;52200;15;92,33;7,67
1205;Tapanuli Utara;138156;141101;279257;144964;148704;293668;187182;291893;33370;11,41;96,04;3,96
1206;Toba Samosir;86101;87028;173129;89124;90743;179867;117667;292695;18310;10,21;95,26;4,74
1207;Labuhanbatu;209924;205186;415110;233258;229339;462596;306644;298650;41630;8,99;95,26;4,74
1208;Asahan;335945;332327;668272;354360;352549;706910;480288;262464;85160;12,09;96,8;3,2
1209;Simalungun;407838;409882;817720;422790;427382;850172;587798;283234;92890;10,96;98,82;1,18
1210;Dairi;135004;135049;270053;139265;140075;279341;177389;263359;25330;9,09;91,93;8,07
1211;Karo;174418;176542;350960;193209;169662;362871;248401;357954;37520;9,68;97,04;2,96
1212;Deli Serdang;901915;888516;1790431;1020194;1010907;2031101;1409674;304183;95650;4,74;99,32;0,68
1213;Langkat;487676;479859;967535;509791;504489;1014279;703539;304825;114190;11,3;98,5;1,5
1214;Nias Selatan;143988;145720;289708;152948;155613;308561;187923;220455;58970;19,05;41,26;58,74
1215;Humbang Hasundutan;85344;86306;171650;90702;92456;183158;112707;262317;18040;9,85;95,82;4,18
1216;Pakpak Barat;20468;20037;40505;22979;22577;45556;27945;217919;5120;11,26;91,6;8,4
1217;Samosir;59504;60149;119653;61346;62556;123902;79433;242263;17640;14,11;97,63;2,37
1218;Serdang Bedagai;298614;295769;594383;305215;304017;609232;414114;301639;58300;9,59;99,35;0,65
1219;Batu Bara;189328;186557;375885;201500;199657;401157;269026;320422;50370;12,61;98,08;1,92
1220;Padang Lawas Utara;112357;111174;223531;126669;126144;252813;155028;256219;27670;10,97;85,56;14,44
1221;Padang Lawas;112987;112272;225259;129163;129070;258233;159098;247594;22380;8,73;87,07;12,93
1222;Labuhanbatu Selatan;141765;135908;277673;159924;154229;314153;202836;304632;36370;11,65;97,36;2,64
1223;Labuhanbatu Utara;167154;163547;330701;177110;174295;351405;230769;332815;39590;11,31;95,84;4,16
1224;Nias Utara;63061;64183;127244;66241;67778;134019;80612;326303;43740;32,62;56,69;43,31
1225;Nias Barat;39146;42661;81807;40569;44431;85000;51446;307907;25410;29,96;67,7;32,3
1271;Kota Sibolga;42408;42073;84481;43352;43244;86596;58615;355225;11640;13,48;99,59;0,41
1272;Kota Tanjung Balai;77933;76512;154445;84115;83044;167159;110695;322324;25090;15,08;99,41;0,59
1273;Kota Pematang Siantar;114561;120137;234698;120479;127165;247644;178143;403918;25830;10,47;99,75;0,25
1274;Kota Tebing Tinggi;71892;73356;145248;77433;79525;156959;111781;355621;18800;12,03;99,89;0,11
1275;Kota Medan;1036926;1060684;2097610;1090873;1121781;2212654;1630829;420208;207500;9,41;100;0
1276;Kota Binjai;122997;123157;246154;132068;132856;264925;190966;322091;18600;7,03;99,8;0,2
1277;Kota Padangsidimpuan;93434;98097;191531;102084;107910;209994;143545;315547;18360;8,77;98,58;1,42
1278;Kota Gunungsitoli;61839;64363;126202;66450;69672;136122;89380;289428;34470;25,42;90,25;9,75
1301;Kepulauan Mentawai;39504;36669;76173;44226;40973;85201;53879;235987;13160;15,52;46,41;53,59
1302;Pesisir Selatan;212228;217018;429246;222684;227008;449691;310076;333243;38130;8,46;94,33;5,67
1303;Solok;171845;176721;348566;179391;183895;363284;246309;339088;36420;10;92,94;7,06
1304;Sijunjung;100764;101059;201823;111080;111187;222267;150937;309209;17520;7,87;94,64;5,36
1305;Tanah Datar;164852;173642;338494;168004;176449;344449;246139;306560;20050;5,82;96,37;3,63
1306;Padang Pariaman;191940;199116;391056;199442;206191;405630;277123;331676;35870;8,86;93,56;6,44
1307;Agam;223077;231776;454853;233947;242414;476357;331661;279590;36060;7,58;96,28;3,72
1308;Lima Puluh Kota;172571;175984;348555;182743;185837;368579;252751;314949;28760;7,65;94,73;5,27
1309;Pasaman;125249;128050;253299;133466;136121;269586;179345;272779;21880;8,14;85,61;14,39
1310;Solok Selatan;72568;71713;144281;80371;79247;159620;108222;292292;11950;7,52;92,94;7,06
1311;Dharmasraya;98892;92530;191422;115290;107570;222867;155155;335151;15890;7,17;97,51;2,49
1312;Pasaman Barat;184022;181107;365129;206830;203021;409856;269649;329051;32340;7,93;91,91;8,09
1371;Kota Padang;415315;418247;833562;449772;451647;901421;666196;414612;44430;4,93;99,59;0,41
1372;Kota Solok;29359;30037;59396;32712;33322;66033;46193;370229;2720;4,12;99,58;0,42
1373;Kota Sawah Lunto;28161;28705;56866;29816;30304;60120;42790;293725;1340;2,22;98,06;1,94
1374;Kota Padang Panjang;23369;23639;47008;25271;25556;50827;35266;384969;3440;6,74;99,4;0,6
1375;Kota Bukittinggi;53845;57467;111312;59310;63178;122486;88526;379445;6540;5,36;99,83;0,17
1376;Kota Payakumbuh;57894;58931;116825;63386;64300;127685;89819;390151;8510;6,67;98,94;1,06
1377;Kota Pariaman;38922;40121;79043;41712;42904;84616;59291;359965;4580;5,42;99,36;0,64
1401;Kuantan Singingi;149779;142337;292116;161051;152558;313609;221334;441315;34100;10,8;96,54;3,46
1402;Indragiri Hulu;187304;176138;363442;209794;198768;408562;265959;396088;31630;7,76;94,77;5,23
1403;Indragiri Hilir;340269;321510;661779;360585;341656;702241;496038;295781;56850;8,11;71,24;28,76
1404;Pelalawan;158704;143125;301829;203341;192807;396148;269765;451528;47530;12,09;88,73;11,27
1405;Siak;196450;180292;376742;225853;214052;439906;283007;363879;24810;5,67;96,46;3,54
1406;Kampar;354836;333368;688204;406405;384918;791322;367359;360324;72220;9,17;96,9;3,1
1407;Rokan Hulu;245620;229223;474843;303435;287586;591021;391369;384226;64740;11,05;89,56;10,44
1408;Bengkalis;257199;241137;498336;278690;264142;542833;370203;420733;40000;7,38;95,02;4,98
1409;Rokan Hilir;284591;268625;553216;330358;312954;643312;422093;317220;49130;7,67;91,38;8,62
1410;Kepulauan Meranti;90566;85724;176290;92829;87882;180711;127902;403535;61640;34,08;82,79;17,21
1471;Kota Pekanbaru;456385;441382;897767;532139;503776;1035915;750605;416479;33760;3,27;99,2;0,8
1473;Kota Dumai;131465;122338;253803;146495;138865;285360;197144;353079;14970;5,26;98,39;1,61
1501;Kerinci;114566;114929;229495;117120;117425;234545;175066;275265;19150;8,16;93,97;6,03
1502;Merangin;171106;162100;333206;187298;178490;365789;258280;310997;35770;9,8;91,74;8,26
1503;Sarolangun;125796;120449;246245;141460;136362;277822;192949;370205;28500;10,29;91,13;8,87
1504;Batang Hari;123515;117819;241334;132811;127445;260257;185016;328769;28100;10,69;92,44;7,56
1505;Muaro Jambi;177712;165240;342952;205958;192625;398583;285963;245123;18320;4,63;95,93;4,07
1506;Tanjung Jabung Timur;105359;99913;205272;109548;103814;213363;156111;301563;30180;14,17;87,35;12,65
1507;Tanjung Jabung Barat;144775;133966;278741;160728;149739;310467;218941;286671;39100;12,63;89,52;10,48
1508;Tebo;153892;143843;297735;170292;160194;330486;233898;315053;23570;7,12;93,37;6,63
1509;Bungo;155455;147680;303135;175725;167881;343606;241523;272254;19520;5,7;95,18;4,82
1571;Kota Jambi;268102;263755;531857;289265;285975;575239;427780;372600;55510;9,67;99,95;0,05
1572;Kota Sungai Penuh;40832;41461;82293;43159;43848;87007;63451;295969;2980;3,43;96,39;3,61
1601;Ogan Komering Ulu;166077;157968;324045;178063;170802;349405;248371;328496;46040;13,22;95,11;4,89
1602;Ogan Komering Ilir;373006;354370;727376;402196;384394;786590;551345;274843;134070;17,08;91,24;8,76
1603;Muara Enim;363577;353099;716676;304905;294763;599668;421579;294595;86950;14,54;95,35;4,65
1604;Lahat;189085;180889;369974;200487;192342;392829;282265;332943;70670;18,02;96,83;3,17
1605;Musi Rawas;268252;257256;525508;196642;187285;383927;271155;342956;58010;15,13;96,81;3,19
1606;Musi Banyuasin;288450;273008;561458;312736;297918;610654;422308;381154;111900;18,35;95,09;4,91
1607;Banyu Asin;384069;366041;750110;413771;396853;810624;569202;311716;100640;12,45;89,82;10,18
1608;Ogan Komering Ulu Selatan;168238;150190;318428;180485;163196;343681;244114;247779;40630;11,58;77,52;22,48
1609;Ogan Komering Ulu Timur;312315;297667;609982;331323;317487;648810;459598;241731;72840;11,24;97,44;2,56
1610;Ogan Ilir;190605;190299;380904;204798;203905;408703;287965;338911;58960;14,43;89,33;10,67
1611;Empat Lawang;113364;107812;221176;121739;116108;237847;165602;243132;31620;13,33;93,76;6,24
1612;Penukal Abab Lematang Ilir;NA;NA;NA;90098;89236;179334;118057;298117;26810;14,88;94,81;5,19
1613;Musi Rawas Utara;NA;NA;NA;92023;90529;182552;129107;358721;35920;19,73;95,12;4,88
1671;Kota Palembang;728296;726988;1455284;789966;788616;1578582;1155150;431242;203120;12,85;99,17;0,83
1672;Kota Prabumulih;81537;80447;161984;89082;87818;176900;123881;441420;21370;12,12;98,5;1,5
1673;Kota Pagar Alam;64852;61329;126181;68535;65221;133756;96272;268636;12870;9,64;98,34;1,66
1674;Kota Lubuklinggau;100924;100384;201308;109797;109383;219180;155166;393365;33210;15,16;99,34;0,66
1701;Bengkulu Selatan;72078;70862;142940;76409;75556;151966;107490;294328;34510;22,76;92,16;7,84
1702;Rejang Lebong;125321;121466;246787;129574;126135;255710;183118;346981;46040;18,03;90,68;9,32
1703;Bengkulu Utara;132583;125092;257675;147387;139622;287009;198966;302989;42240;14,78;93,81;6,19
1704;Kaur;55991;51908;107899;59825;55808;115632;81427;262881;26370;22,87;87,61;12,39
1705;Seluma;89354;84153;173507;95241;90069;185309;130595;303713;42470;22,98;87,81;12,19
1706;Mukomuko;81226;74527;155753;92043;84825;176866;120164;333767;23670;13,45;95,65;4,35
1707;Lebong;50762;48453;99215;55669;53357;109026;78141;308004;13380;12,32;90,08;9,92
1708;Kepahiang;63996;60869;124865;67667;64550;132217;94506;293731;22190;16,83;86,99;13,01
1709;Bengkulu Tengah;50560;47773;98333;55261;52369;107630;74635;308010;8930;8,33;82,94;17,06
1771;Kota Bengkulu;155288;153256;308544;176387;174381;350772;246890;494825;74260;21,14;98,98;1,02
1801;Lampung Barat;222605;196432;419037;155770;137062;292831;214846;335500;42240;14,18;76,44;23,56
1802;Tanggamus;280837;255776;536613;299149;274211;573359;416447;309569;81560;14,26;86,92;13,08
1803;Lampung Selatan;470303;442187;912490;499276;472369;971645;699486;319448;157710;16,27;97,53;2,47
1804;Lampung Timur;488670;462969;951639;515966;491859;1007825;746194;307944;170110;16,91;99,27;0,73
1805;Lampung Tengah;598522;572195;1170717;630824;607074;1237898;916820;336449;164440;13,3;97,37;2,63
1806;Lampung Utara;298169;286108;584277;308016;297489;605505;436494;346393;140410;23,2;93,79;6,21
1807;Way Kanan;210042;196081;406123;223067;209432;432499;313057;291207;63090;14,61;92,61;7,39
1808;Tulangbawang;206812;191094;397906;222331;206774;429105;304971;337167;44150;10,25;95,59;4,41
1809;Pesawaran;206223;192625;398848;219539;206441;425980;309154;305540;75370;17,61;90,21;9,79
1810;Pringsewu;187982;177387;365369;198261;188258;386519;284572;350883;45580;11,8;98,15;1,85
1811;Mesuji;98399;89008;187407;102395;93102;195497;142453;328859;16020;8,2;96,44;3,56
1812;Tulang Bawang Barat;129072;121635;250707;135781;128676;264458;194501;329796;21790;8,23;98,35;1,65
1813;Pesisir Barat;NA;NA;NA;78693;71195;149887;107081;342310;24000;15,81;68,64;31,36
1871;Kota Bandar Lampung;445959;435842;881801;493303;485029;978332;730667;476055;100760;10,33;99,56;0,44
1872;Kota Metro;73027;72444;145471;79174;79086;158260;119772;314891;16240;10,29;99,95;0,05
1901;Bangka;144362;132842;277204;161830;148692;310523;222952;385899;17390;5,63;99,29;0,71
1902;Belitung;80712;75253;155965;90395;84337;174732;128227;580050;14580;8,38;97,74;2,26
1903;Bangka Barat;91264;83886;175150;102245;93997;196243;135545;399401;6010;3,08;98,13;1,87
1904;Bangka Tengah;84424;76804;161228;94465;86110;180576;127100;528720;10190;5,67;99,68;0,32
1905;Bangka Selatan;89510;83018;172528;100289;92944;193233;135448;374778;7200;3,74;91,85;8,15
1906;Belitung Timur;55322;51141;106463;61993;57185;119178;87907;504668;8710;7,33;97,82;2,18
1971;Kota Pangkal Pinang;89500;85258;174758;100389;95460;195847;144731;527668;10020;4,97;99,99;0,01
2101;Karimun;108923;103638;212561;114715;110042;224758;154136;309558;14820;6,6;94,5;5,5
2102;Bintan;73665;68635;142300;78682;73972;152653;105189;313277;9250;6,07;98,62;1,38
2103;Natuna;35741;33262;69003;38341;36001;74341;49681;276828;3230;4,34;95,1;4,9
2104;Lingga;44234;42010;86244;45083;43296;88379;62196;354916;13220;14,95;94,03;5,97
2105;Kepulauan Anambas;19429;17982;37411;20890;19427;40317;29139;313042;2650;6,58;96,18;3,82
2171;Kota Batam;484867;459418;944285;606308;579827;1186135;823032;525452;59940;5,08;99,73;0,27
2172;Kota Tanjung Pinang;95285;92074;187359;102147;99582;201730;142154;542857;19300;9,56;99,59;0,41
3101;Kepulauan Seribu;10711;10371;21082;11690;11685;23375;15722;500171;2650;11,4;100;0
3171;Kota Jakarta Selatan;1043675;1018557;2062232;1093090;1086651;2179744;1661270;567685;74460;3,41;100;0
3172;Kota Jakarta Timur;1372300;1321596;2693896;1429687;1402491;2832167;2100288;412515;91440;3,24;100;0
3173;Kota Jakarta Pusat;455326;447647;902973;451292;451732;903027;679114;484526;38010;4,16;100;0
3174;Kota Jakarta Barat;1164446;1117499;2281945;1251041;1221297;2472324;1907057;408818;89390;3,64;100;0
3175;Kota Jakarta Utara;824480;821179;1645659;865416;878064;1743496;1311181;423828;102970;5,91;100;0
3201;Bogor;2452562;2319370;4771932;2792304;2662593;5454863;3939108;290874;487100;8,96;98,79;1,21
3202;Sukabumi;1193342;1148067;2341409;1234436;1197608;2432043;1729756;260068;217860;8,96;97,32;2,68
3203;Cianjur;1123091;1048190;2171281;1154953;1086983;2241912;1588903;287939;273900;12,21;96,06;3,94
3204;Bandung;1620274;1558269;3178543;1792517;1738453;3530969;2549811;275562;281040;8;99,1;0,9
3205;Garut;1217768;1186353;2404121;1284526;1261906;2546442;1751752;241068;325670;12,81;99,19;0,81
3206;Tasikmalaya;834996;840679;1675675;860616;873819;1734462;1252503;255540;208120;11,99;99,35;0,65
3207;Ciamis;758889;773615;1532504;577477;590168;1167664;943643;296647;104870;8,98;98,71;1,29
3208;Kuningan;520632;514957;1035589;530487;523972;1054465;782735;276154;147210;13,97;99,62;0,38
3209;Cirebon;1059463;1007733;2067196;1089467;1034865;2124316;1504694;327032;313210;14,77;99,83;0,17
3210;Majalengka;582892;583581;1166473;590574;590467;1181053;879242;379354;167500;14,19;99,89;0,11
3211;Sumedang;547797;545805;1093602;566779;569500;1136292;853856;281649;129030;11,36;99,53;0,47
3212;Indramayu;856640;807097;1663737;870714;819206;1689901;1223958;379088;253120;14,98;99,79;0,21
3213;Subang;739925;725232;1465157;772235;755806;1528045;1154014;295174;187170;12,27;96,51;3,49
3214;Purwakarta;436082;416439;852521;469100;451686;920783;670318;296477;83940;9,14;99,28;0,72
3215;Karawang;1096892;1030899;2127791;1166251;1105353;2271586;1658038;363105;235030;10,37;99,11;0,89
3216;Bekasi;1347223;1283178;2630401;1654247;1588889;3243124;2332308;394513;169200;5,27;99,33;0,67
3217;Bandung Barat;770702;739582;1510284;827323;800635;1627956;1168244;275327;205690;12,67;96,64;3,36
3218;Pangandaran;NA;NA;NA;194458;195691;390154;281741;303646;42000;10,76;97,19;2,81
3271;Kota Bogor;484791;465543;950334;531886;515086;1046972;781596;392405;79150;7,6;100;0
3272;Kota Sukabumi;152080;146601;298681;161166;156652;317818;233613;421908;27840;8,79;99,94;0,06
3273;Kota Bandung;1215348;1179525;2394873;1253032;1226262;2479301;1890502;376311;114120;4,61;100;0
3274;Kota Cirebon;148600;147789;296389;154167;153058;307228;227246;358654;31740;10,36;100;0
3275;Kota Bekasi;1183620;1151251;2334871;1369308;1343078;2712395;1987141;497343;146940;5,46;100;0
3276;Kota Depok;880816;857754;1738570;1061673;1042553;2104234;1631432;496747;49970;2,4;100;0
3277;Kota Cimahi;274124;267053;541177;295637;290441;586080;441602;386513;34090;5,84;100;0
3278;Kota Tasikmalaya;321460;314004;635464;330929;325985;656917;471149;367673;106780;16,28;99,05;0,95
3279;Kota Banjar;87031;88126;175157;89681;91555;181239;140145;271017;13420;7,41;100;0
3301;Cilacap;824279;817828;1642107;848538;845128;1693666;1251791;273828;243470;14,39;99,64;0,36
3302;Banyumas;778197;776330;1554527;816853;818033;1634886;1227212;320585;285850;17,52;99,88;0,12
3303;Purbalingga;420258;428694;848952;443627;454187;897814;665135;283366;176490;19,7;99,75;0,25
3304;Banjarnegara;436152;432761;868913;451506;449756;901262;673293;236399;165360;18,37;99,27;0,73
3305;Kebumen;578724;581202;1159926;589707;594434;1184141;876502;292177;241940;20,44;99,31;0,69
3306;Purworejo;343644;351783;695427;350159;359783;709942;583581;294158;101250;14,27;99,56;0,44
3307;Wonosobo;383401;371482;754883;393752;382883;776636;575029;275180;166410;21,45;99,9;0,1
3308;Magelang;594117;587606;1181723;624568;620149;1244717;941808;253866;162380;13,07;99,84;0,16
3309;Boyolali;459044;471487;930531;474216;488871;963087;732592;263734;119970;12,45;98,84;1,16
3310;Klaten;555700;574347;1130047;568411;589660;1158070;899169;340484;172300;14,89;99,84;0,16
3311;Sukoharjo;409174;415064;824238;427893;435773;863667;655740;303030;79940;9,26;99,79;0,21
3312;Wonogiri;452386;476518;928904;461008;487416;948424;752480;252903;122980;12,98;99,89;0,11
3313;Karanganyar;402964;410232;813196;423243;432419;855663;653535;303056;106430;12,46;99,92;0,08
3314;Sragen;421363;436903;858266;430438;448040;878477;675838;263199;130420;14,86;99,98;0,02
3315;Grobogan;648598;660098;1308696;668073;682511;1350584;1014891;303455;184490;13,68;99,93;0,07
3316;Blora;409170;420558;829728;419107;432468;851575;701664;257581;115050;13,52;99,95;0,05
3317;Rembang;295266;296093;591359;308419;310367;618786;476884;314596;119110;19,28;99,99;0,01
3318;Pati;578127;612866;1190993;596921;635198;1232118;948517;347575;147050;11,95;99,9;0,1
3319;Kudus;383508;393929;777437;409047;421737;830783;633123;328404;64100;7,73;99,99;0,01
3320;Jepara;548140;549140;1097280;592098;595448;1187546;880601;314422;100610;8,5;99,86;0,14
3321;Demak;523984;531595;1055579;553515;563691;1117206;820511;328529;160890;14,44;100;0
3322;Semarang;458203;472524;930727;491502;508759;1000261;761102;286918;81250;8,15;99,97;0,03
3323;Temanggung;355819;352727;708546;373562;371797;745359;568067;248866;87450;11,76;99,98;0,02
3324;Kendal;457263;443050;900313;477365;464328;941694;709072;301449;109270;11,62;99,91;0,09
3325;Batang;353603;353161;706764;370830;371795;742625;557947;224437;83530;11,27;99,92;0,08
3326;Pekalongan;417406;421215;838621;433895;439544;873440;644923;317796;112070;12,84;99,95;0,05
3327;Pemalang;625565;635788;1261353;637504;650267;1287771;937918;298622;235530;18,3;99,65;0,35
3328;Tegal;694695;700144;1394839;707842;716158;1424000;1031475;282861;143540;10,09;99,51;0,49
3329;Brebes;872934;860935;1733869;894628;885636;1780265;1304666;340538;352010;19,79;99,79;0,21
3371;Kota Magelang;58311;59916;118227;59473;61243;120716;94915;405228;10920;9,05;99,9;0,1
3372;Kota Surakarta;243296;256041;499337;248951;262954;511906;404393;406840;55710;10,89;100;0
3373;Kota Salatiga;83479;86853;170332;89870;93830;183700;143325;337511;10620;5,8;100;0
3374;Kota Semarang;764487;791497;1555984;833583;866468;1700050;1296160;368477;84270;4,97;100;0
3375;Kota Pekalongan;140983;140451;281434;148124;148095;296219;219973;352717;24060;8,09;100;0
3376;Kota Tegal;118872;120727;239599;121805;124160;245965;183821;371528;20310;8,26;100;0
3401;Kulon Progo;190694;198175;388869;201989;208337;410327;317046;273436;88130;21,4;99,74;0,26
3402;Bantul;454491;457012;911503;485157;491908;977063;754872;312514;160150;16,33;99,89;0,11
3403;Gunung Kidul;326703;348679;675382;343194;367394;710595;558107;250630;155000;21,73;99,84;0,16
3404;Sleman;547885;545225;1093110;587971;580100;1168062;914145;318312;110960;9,46;99,59;0,41
3471;Kota Yogyakarta;189137;199490;388627;199602;210116;409720;330080;383966;35980;8,75;99,98;0,02
3501;Pacitan;264112;276769;540881;266740;280596;547334;434594;228573;92080;16,68;99,56;0,44
3502;Ponorogo;427592;427689;855281;429971;430557;860531;679550;251525;103220;11,91;99,84;0,16
3503;Trenggalek;335153;339258;674411;340471;344937;685409;535902;260133;92170;13,39;99,95;0,05
3504;Tulungagung;482811;507347;990158;496868;521985;1018850;777219;292483;87370;8,57;99,84;0,16
3505;Blitar;559475;557164;1116639;571240;569480;1140724;845921;255966;114120;9,97;99,87;0,13
3506;Kediri;752852;746916;1499768;774257;769066;1543329;1165528;261088;199380;12,91;99,95;0,05
3507;Malang;1229773;1216445;2446218;1279002;1266691;2545705;1932952;265629;292870;11,53;99,85;0,15
3508;Lumajang;491521;514937;1006458;500368;524843;1025208;776810;245806;118510;11,52;99,55;0,45
3509;Jember;1146856;1185870;2332726;1179985;1222020;2402002;1844931;283510;269540;11,22;99,59;0,41
3510;Banyuwangi;774448;781630;1556078;789316;797536;1586856;1209931;295185;146000;9,17;99,78;0,22
3511;Bondowoso;358888;377884;736772;370091;389838;759926;589281;313734;113720;14,96;99,19;0,81
3512;Situbondo;315912;331707;647619;326085;342695;668779;524247;254656;91170;13,63;99,62;0,38
3513;Probolinggo;534986;561258;1096244;556664;584687;1141348;860082;355051;236960;20,82;99,04;0,96
3514;Pasuruan;749440;763028;1512468;785284;800353;1585638;1196471;292281;169190;10,72;99,37;0,63
3515;Sidoarjo;975681;965816;1941497;1081087;1071491;2152588;1653360;371947;136130;6,44;100;0
3516;Mojokerto;512334;513109;1025443;542065;543598;1085667;833879;311022;113860;10,57;99,98;0,02
3517;Jombang;598280;604127;1202407;615961;622581;1238545;951302;316922;133750;10,79;99,63;0,37
3518;Nganjuk;505687;511343;1017030;515339;521643;1036984;790966;322820;132040;12,69;99,94;0,06
3519;Madiun;326907;335371;662278;331691;340619;672309;524244;277092;84740;12,54;99,87;0,13
3520;Magetan;302208;318234;620442;302698;319185;621881;476081;272972;71160;11,35;99,99;0,01
3521;Ngawi;398567;419198;817765;401432;419687;821117;641965;250008;129320;15,61;99,97;0,03
3522;Bojonegoro;598365;611608;1209973;607579;622447;1230026;1014072;284319;193990;15,71;99,46;0,54
3523;Tuban;552593;565871;1118464;567895;582253;1150148;922322;277599;196590;17,08;99,65;0,35
3524;Lamongan;572838;606221;1179059;571010;604975;1175980;894982;303780;182640;15,38;99,94;0,06
3525;Gresik;583721;593321;1177042;628631;639393;1268025;973945;372661;170760;13,63;99,92;0,08
3526;Bangkalan;433206;473555;906761;457491;501244;958727;691521;319120;216230;22,57;96,85;3,15
3527;Sampang;427896;449876;877772;459649;485818;945463;661280;284928;240350;25,69;99,92;0,08
3528;Pamekasan;386951;408967;795918;414052;437744;851792;633107;278093;146920;17,41;100;0
3529;Sumenep;495896;546416;1042312;507621;561199;1068809;820931;284756;216840;20,2;95,2;4,8
3571;Kota Kediri;133884;134623;268507;139800;140730;280531;215470;386521;23770;8,51;100;0
3572;Kota Blitar;65441;66527;131968;68566;69748;138314;108376;338532;10040;7,29;100;0
3573;Kota Malang;404553;415690;820243;419592;431574;851166;666673;411709;39100;4,6;99,92;0,08
3574;Kota Probolinggo;106915;110147;217062;113310;116877;230187;171110;403037;18660;8,17;99,86;0,14
3575;Kota Pasuruan;92370;93892;186262;96776;98482;195258;144016;343392;14520;7,47;100;0
3576;Kota Mojokerto;59127;61069;120196;61814;63917;125731;93745;348670;7720;6,16;99,99;0,01
3577;Kota Madiun;82738;88226;170964;84206;89931;174136;135699;359771;8550;4,89;100;0
3578;Kota Surabaya;1367841;1397646;2765487;1403307;1438285;2841592;2180691;418930;165720;5,82;100;0
3579;Kota Batu;95698;94486;190184;101149;100297;201448;153128;380393;9430;4,71;100;0
3601;Pandeglang;589056;560554;1149610;609588;583237;1192825;809786;247073;124420;10,43;96,85;3,15
3602;Lebak;619052;585043;1204095;650034;617564;1267595;868511;228146;126420;9,97;96,69;3,31
3603;Tangerang;1454956;1379420;2834376;1722588;1642127;3364710;2404936;372431;191120;5,71;99,69;0,31
3604;Serang;713694;689124;1402818;746799;724925;1471727;1023960;232856;74850;5,09;99,43;0,57
3671;Kota Tangerang;921043;877558;1798601;1043703;999829;2043531;1524893;455228;102560;5,04;100;0
3672;Kota Cilegon;191879;182680;374559;210221;201166;411387;295024;323935;16960;4,1;99,33;0,67
3673;Kota Serang;297187;280598;577785;329361;312723;642082;464235;255614;40190;6,28;98,43;1,57
3674;Kota Tangerang Selatan;652281;638041;1290322;776664;763844;1540515;1203017;433967;25890;1,69;100;0
5101;Jembrana;130062;131576;261638;134666;136658;271325;205950;330073;15830;5,84;99,97;0,03
5102;Tabanan;209308;211605;420913;216285;219172;435458;344650;365022;24050;5,52;99,94;0,06
5103;Badung;277536;265796;543332;313988;301787;615775;463629;454916;14400;2,33;100;0
5104;Gianyar;237493;232284;469777;249652;244946;494598;371117;320805;22890;4,61;100;0
5105;Klungkung;84503;86040;170543;86814;88708;175522;133564;264866;12110;6,91;99,87;0,13
5106;Bangli;109109;106244;215353;112488;109886;222374;166631;283849;12740;5,73;96,64;3,36
5107;Karang Asem;198650;197837;396487;204197;204088;408285;300295;269866;30330;7,44;97,83;2,17
5108;Buleleng;311394;312731;624125;321581;323964;645545;475517;327357;43430;6,74;98,52;1,48
5171;Kota Denpasar;403293;385296;788589;449254;430453;879707;667158;463271;20940;2,39;100;0
5201;Lombok Barat;293528;306458;599986;319628;334523;654151;461620;353667;113300;17,38;93,6;6,4
5202;Lombok Tengah;407079;453130;860209;431184;480672;911856;643407;335286;147940;16,26;93,76;6,24
5203;Lombok Timur;515148;590434;1105582;541207;621512;1162720;805753;359235;222190;19,14;97,9;2,1
5204;Sumbawa;212185;203604;415789;224640;215956;440596;311331;272274;73570;16,73;96,78;3,22
5205;Dompu;110665;108308;218973;120342;117771;238114;156011;243467;35940;15,11;94,46;5,54
5206;Bima;218759;220469;439228;232942;235207;468149;314262;255962;73710;15,78;94,15;5,85
5207;Sumbawa Barat;58274;56677;114951;67425;65814;133238;92084;408991;22500;16,97;97;3
5208;Lombok Utara;98667;101405;200072;104418;107606;212024;147691;363367;72280;34,13;95,68;4,32
5271;Kota Mataram;199332;203511;402843;222266;227449;449715;330810;397468;46760;10,45;99,98;0,02
5272;Kota Bima;70009;72570;142579;78278;81277;159555;114077;274394;15700;9,85;96,3;3,7
5301;Sumba Barat;57497;53496;110993;62873;58873;121747;73851;274779;37350;30,56;45,74;54,26
5302;Sumba Timur;117681;110051;227732;126269;119671;245943;157895;274969;77950;31,74;58,09;41,91
5303;Kupang;156070;148478;304548;177621;169890;347514;224895;282496;80980;23,37;71,15;28,85
5304;Timor Tengah Selatan;218396;222759;441155;226304;232351;458655;297524;254454;144010;31,12;46,9;53,1
5305;Timor Tengah Utara;114024;115779;229803;120789;123576;244365;154218;290296;61960;25,2;69,91;30,09
5306;Belu;174138;178159;352297;103224;103258;206483;126273;279442;34750;16,81;66,69;33,31
5307;Alor;93019;97007;190026;97307;102323;199630;131630;250327;45830;22,92;66,08;33,92
5308;Lembata;55350;62479;117829;61873;70111;131983;87117;288970;35930;27,13;76,84;23,16
5309;Flores Timur;111494;121111;232605;118023;128622;246642;164241;226252;24020;9,66;87,98;12,02
5310;Sikka;142282;158046;300328;147870;165196;313062;212370;247641;44640;14,28;72,53;27,47
5311;Ende;123825;136780;260605;127502;141840;269339;185267;291770;63230;23,49;86,08;13,92
5312;Ngada;69810;72583;142393;75490;78983;154472;100822;271299;19850;12,81;82,5;17,5
5313;Manggarai;143763;148688;292451;156307;162846;319151;198658;264012;74010;23,18;72,81;27,19
5314;Rote Ndao;61227;58681;119908;75163;72404;147567;97174;255551;45010;30,49;84,74;15,26
5315;Manggarai Barat;110074;111629;221703;124406;126924;251330;151064;263746;50980;20,12;58,76;41,24
5316;Sumba Tengah;32305;30180;62485;35218;33198;68417;41210;233078;24690;36,22;45,67;54,33
5317;Sumba Barat Daya;146722;138181;284903;163499;155161;318664;182672;287622;96540;30,01;30,34;69,66
5318;Nagekeo;63436;66684;130120;67800;71578;139378;91260;274620;20000;14,38;81,12;18,88
5319;Manggarai Timur;125374;127370;252744;134187;137939;272125;168889;260411;77670;28,64;47,69;52,31
5320;Sabu Raijua;37374;35586;72960;43908;41938;85847;53634;310381;28430;33,17;37,61;62,39
5321;Malaka;NA;NA;NA;87133;92993;180125;116835;279799;32300;17,28;94,61;5,39
5371;Kota Kupang;172626;163613;336239;199742;190574;390320;284754;455924;39730;10,21;98,98;1,02
6101;Sambas;244604;251516;496120;258248;264165;522420;359627;329993;49290;9,42;95,1;4,9
6102;Bengkayang;112152;103125;215277;123765;114530;238293;162020;273629;16490;6,94;83,08;16,92
6103;Landak;172373;157276;329649;186118;171018;357133;247664;287822;48460;13,51;69,89;30,11
6104;Pontianak;118980;115041;234021;127495;123945;251440;175515;268242;13880;5,52;96,84;3,16
6105;Sanggau;211859;196609;408468;229597;214411;444005;317600;250928;20260;4,57;76,88;23,12
6106;Ketapang;222258;205202;427460;246011;229345;475352;334473;356319;55390;11,72;85,59;14,41
6107;Sintang;188433;176326;364759;203926;191942;395865;275139;421877;36830;9,33;72,4;27,6
6108;Kapuas Hulu;113452;108708;222160;125082;120589;245671;173879;346335;23740;9,66;84,3;15,7
6109;Sekadau;93899;87735;181634;99498;93636;193134;136772;256452;12560;6,5;79,06;20,94
6110;Melawi;91529;87116;178645;100040;95699;195739;138264;408635;24560;12,57;73,21;26,79
6111;Kayong Utara;48835;46759;95594;53625;51712;105337;72364;230320;10410;9,84;76,55;23,45
6112;Kubu Raya;254946;246024;500970;275838;268844;544684;373835;305859;28380;5,22;94,84;5,16
6171;Kota Pontianak;277971;276793;554764;302473;304331;606811;448400;403905;31560;5,22;100;0
6172;Kota Singkawang;95612;90850;186462;106032;101294;207325;146372;376797;11900;5,76;98,41;1,59
6201;Kotawaringin Barat;124799;111004;235803;146864;130731;277600;201044;293436;14010;5,07;98,1;1,9
6202;Kotawaringin Timur;197527;176648;374175;224433;200908;425346;304229;325234;27260;6,42;89,7;10,3
6203;Kapuas;168139;161507;329646;177132;170247;347371;247705;252866;20900;6,03;84,22;15,78
6204;Barito Selatan;63309;60819;124128;67162;64571;131730;93315;333917;6660;5,07;88,36;11,64
6205;Barito Utara;63106;58467;121573;66019;61213;127231;89837;408241;7530;5,93;81,67;18,33
6206;Sukamara;23879;21073;44952;29319;25894;55213;39222;384739;2370;4,32;94,23;5,77
6207;Lamandau;33709;29490;63199;39365;34464;73831;53511;350294;2900;3,95;82,41;17,59
6208;Seruyan;75235;64696;139931;93795;80718;174519;124836;357090;14920;8,5;89,97;10,03
6209;Katingan;76657;69782;146439;83720;76272;159993;111827;356695;10410;6,53;85,95;14,05
6210;Pulang Pisau;62430;57632;120062;64750;59852;124602;89789;314673;7040;5,65;84,79;15,21
6211;Gunung Mas;51508;45482;96990;58274;51457;109733;77363;356866;6750;6,17;86,04;13,96
6212;Barito Timur;50104;47268;97372;58369;55107;113475;81881;415710;9510;8,41;93,6;6,4
6213;Murung Raya;50336;46521;96857;57215;52960;110175;73694;378062;7200;6,57;78,97;21,03
6271;Kota Palangka Raya;113005;107957;220962;132594;126771;259359;192781;307796;10250;3,91;99,85;0,15
6301;Tanah Laut;152385;143948;296333;166153;157666;323823;225900;354481;14790;4,58;98,59;1,41
6302;Kota Baru;151586;138556;290142;166261;153486;319754;218477;325061;14720;4,62;91,12;8,88
6303;Banjar;257320;249519;506839;281083;272572;553657;396099;327970;18050;3,26;97,92;2,08
6304;Barito Kuala;138357;137790;276147;149284;148577;297859;212128;246397;15960;5,37;97,15;2,85
6305;Tapin;84626;83251;167877;91487;90034;181520;131284;330033;7010;3,88;96,86;3,14
6306;Hulu Sungai Selatan;105766;106719;212485;113131;113703;226831;163664;365097;14590;6,45;95,76;4,24
6307;Hulu Sungai Tengah;121518;121942;243460;129960;129965;259923;186976;279530;15080;5,81;95,32;4,68
6308;Hulu Sungai Utara;102351;106895;209246;110422;114650;225066;157988;346066;15940;7,07;97,23;2,77
6309;Tabalong;111086;107534;218620;121389;117864;239253;172327;368924;15710;6,59;96,77;3,23
6310;Tanah Bumbu;139686;128243;267929;168988;155658;324654;225108;370670;17910;5,55;95,39;4,61
6311;Balangan;56504;55926;112430;62179;61276;123454;85600;312445;7280;5,87;93;7
6371;Kota Banjarmasin;312740;312741;625481;337376;337113;674482;491470;384659;29950;4,44;99,97;0,03
6372;Kota Banjar Baru;102285;97342;199627;119903;114133;234039;168889;463579;11460;4,9;99,98;0,02
6401;Paser;122567;107749;230316;138765;123226;261998;183544;363060;22820;8,76;93,58;6,42
6402;Kutai Barat;87611;77480;165091;76759;68908;145669;102527;410307;12120;8,33;93,03;6,97
6403;Kutai Kartanegara;330173;296507;626680;375840;341117;716959;503015;389195;56990;7,99;97,25;2,75
6404;Kutai Timur;139034;116603;255637;173020;146700;319745;219731;431328;29570;9,31;93,28;6,72
6405;Berau;96594;82485;179079;111931;96709;208651;140925;426681;11210;5,33;93,71;6,29
6409;Penajam Paser Utara;74951;67971;142922;80346;73712;154057;107274;360245;12170;7,92;97,57;2,43
6411;Mahakam Ulu;NA;NA;NA;13810;12129;25940;17777;534502;3070;11,29;84,95;15,05
6471;Kota Balikpapan;288847;268732;557579;316950;297934;614862;415395;485665;17890;2,91;99,99;0,01
6472;Kota Samarinda;377283;350217;727500;418770;392914;811657;581478;533401;39250;4,82;99,86;0,14
6474;Kota Bontang;75421;68262;143683;85243;77895;163137;112913;479060;8020;5,06;99,75;0,25
6501;Malinau;33854;28726;62580;41758;35460;77215;51817;473906;5630;7,26;95,16;4,84
6502;Bulungan;60275;52388;112663;69024;59896;128918;88260;352063;10930;8,5;94,76;5,24
6503;Tana Tidung;8391;6811;15202;12080;9736;21813;88260;326201;1380;6,35;98,07;1,93
6504;Nunukan;75171;65670;140841;94420;82552;176971;120117;327515;9840;5,61;85,35;14,65
6571;Kota Tarakan;101518;91852;193370;123180;111532;234722;164602;485447;11910;5,11;99,88;0,12
7101;Bolaang Mongondow;111080;102404;213484;121140;111838;232977;167000;257170;20040;8,63;98,08;1,92
7102;Minahasa;158919;151465;310384;168119;160584;328703;252484;234223;28880;8,8;98,81;1,19
7103;Kepulauan Sangihe;63820;62280;126100;65460;64006;129466;99445;215355;15870;12,27;88,86;11,14
7104;Kepulauan Talaud;42668;40766;83434;45357;43366;88722;60543;228813;8920;10,09;96,94;3,06
7105;Minahasa Selatan;101046;94507;195553;105768;99029;204796;151748;262940;20880;10,22;98,75;1,25
7106;Minahasa Utara;96120;92784;188904;100660;97243;197904;146271;261951;16030;8,12;96,31;3,69
7107;Bolaang Mongondow Utara;36251;34442;70693;39079;37182;76261;53231;207328;7380;9,72;93,98;6,02
7108;Siau Tagulandang Biaro;31534;32267;63801;32378;33143;65522;50448;245388;7150;10,93;96,4;3,6
7109;Minahasa Tenggara;52055;48388;100443;54072;50370;104441;74826;277491;17450;15,88;99,41;0,59
7110;Bolaang Mongondow Selatan;29818;27183;57001;32380;29786;62165;41789;256141;9400;15,17;97,28;2,72
7111;Bolaang Mongondow Timur;33299;30355;63654;35855;32775;68629;49834;261715;4730;6,9;97,47;2,53
7171;Kota Manado;206292;204189;410481;213489;211755;425246;323664;313597;23960;5,63;99,47;0,53
7172;Kota Bitung;96001;91651;187652;105033;100455;205488;145574;321549;14130;6,87;98,76;1,24
7173;Kota Tomohon;46179;45374;91553;50547;49735;100282;76825;313236;6770;6,78;99,99;0,01
7174;Kota Kotamobagu;54821;52638;107459;60757;58561;119318;87996;255330;6950;5,85;99,91;0,09
7201;Banggai Kepulauan;86892;84735;171627;57933;56894;114827;80007;260814;18570;16,08;70,88;29,12
7202;Banggai;165366;158260;323626;180146;173784;353930;256020;311258;34740;9,84;89,07;10,93
7203;Morowali;107006;99316;206322;57742;55239;112981;78729;343269;17790;15,8;88,26;11,74
7204;Poso;108747;100481;209228;121810;113443;235253;171294;378190;42640;18,16;91,9;8,1
7205;Donggala;142479;135141;277620;150022;143329;293351;188367;251529;54170;18,11;80,89;19,11
7206;Toli-Toli;108142;103154;211296;115050;110524;225574;157928;244472;30700;13,64;86,35;13,65
7207;Buol;68032;64298;132330;76181;72624;148806;98240;271525;24310;16,36;80,86;19,14
7208;Parigi Moutong;212809;200779;413588;234596;222501;457097;316931;318088;82610;18,05;83,62;16,38
7209;Tojo Una-Una;70726;67084;137810;75331;72009;147339;101573;362840;27620;18,79;83,29;16,71
7210;Sigi;110767;104263;215030;117636;111533;229168;163080;251721;29140;12,75;88,62;11,38
7211;Banggai Laut;NA;NA;NA;34956;34465;69421;47248;274333;12300;17,68;85,72;14,28
7212;Morowali Utara;NA;NA;NA;61391;56122;117513;82913;347848;19800;16,91;91,91;8,09
7271;Kota Palu;169878;166654;336532;184856;182740;367596;274419;416596;27190;7,42;99,73;0,27
7301;Kepulauan Selayar;58456;63599;122055;62511;67571;130081;91903;286032;16900;12,94;96,01;3,99
7302;Bulukumba;186773;207787;394560;193769;216350;410114;295216;272703;33360;8,15;95,77;4,23
7303;Bantaeng;85591;91108;176699;88379;94842;183220;131501;217595;17550;9,53;93,06;6,94
7304;Jeneponto;166384;176316;342700;171666;183613;355278;253369;291408;53870;15,18;98,59;1,41
7305;Takalar;129599;140004;269603;137740;148909;286647;207312;278538;27120;9,48;98,06;1,94
7306;Gowa;320793;332148;652941;354934;367114;722049;511488;306328;59470;8,27;98,09;1,91
7307;Sinjai;110771;118108;228879;115057;122828;237884;165885;231732;21990;9,26;94,12;5,88
7308;Maros;155965;163037;319002;165672;173321;338994;239059;307717;40080;11,85;94,4;5,6
7309;Pangkajene Dan Kepulauan;147229;158508;305737;156091;167215;323305;227798;251700;53850;16,7;93,91;6,09
7310;Barru;79590;86393;165983;82104;88960;171062;116881;263210;16100;9,42;89,93;10,07
7311;Bone;341614;376068;717682;354056;388191;742241;534280;252392;75010;10,12;93,36;6,64
7312;Soppeng;105436;118390;223826;106257;119657;225912;170700;213164;18880;8,36;96,82;3,18
7313;Wajo;183602;201507;385109;187674;205192;392863;297789;253164;30080;7,66;93,68;6,32
7314;Sidenreng Rappang;132103;139808;271911;141410;148115;289525;210595;255135;16030;5,55;97,72;2,28
7315;Pinrang;170308;180810;351118;177686;188772;366458;256119;234897;30510;8,34;98,44;1,56
7316;Enrekang;95662;94586;190248;100283;99533;199817;132945;258472;27600;13,82;96,57;3,43
7317;Luwu;164314;168168;332482;171876;178025;349902;233854;252549;48640;13,89;88,3;11,7
7318;Tana Toraja;112472;108609;221081;115767;113007;228777;151995;238838;28590;12,46;87,58;12,42
7322;Luwu Utara;144860;142612;287472;151802;150609;302414;205330;265822;41890;13,87;89,78;10,22
7325;Luwu Timur;125153;117916;243069;141509;133832;275346;186756;254957;19670;7,18;93,69;6,31
7326;Toraja Utara;109747;107015;216762;113148;112162;225312;146351;367325;34370;15,19;87,13;12,87
7371;Kota Makassar;662009;676654;1338663;716145;731940;1448092;1070536;321094;63240;4,38;99,99;0,01
7372;Kota Parepare;63481;65781;129262;68008;70565;138574;98513;270508;8410;6,08;99,96;0,04
7373;Kota Palopo;72519;75413;147932;82197;86544;168741;119754;246727;14510;8,58;98,51;1,49
7401;Buton;124417;131295;255712;49383;48119;97502;57611;198183;36600;13,75;80,33;19,67
7402;Muna;129535;138742;268277;101537;109731;211259;133667;269838;44430;15,45;87,22;12,78
7403;Konawe;123641;118341;241982;119391;113813;233209;155157;241617;37410;16,09;88,33;11,67
7404;Kolaka;161914;153318;315232;95665;90638;186308;123515;292370;27210;14,68;91,08;8,92
7405;Konawe Selatan;136201;128386;264587;150005;144810;294819;192157;181796;34050;11,58;85,59;14,41
7406;Bombana;70367;68868;139235;82965;81560;164526;107969;246908;20730;12,55;79,9;20,1
7407;Wakatobi;44640;48355;92995;45488;49338;94822;62266;218939;16100;16,88;93,53;6,47
7408;Kolaka Utara;62550;58790;121340;72280;68181;140464;94772;356680;23070;16,53;74,22;25,78
7409;Buton Utara;27529;27207;54736;29935;29742;59676;37730;258425;9480;15,86;66,9;33,1
7410;Konawe Utara;26980;24553;51533;30416;27882;58301;38238;216578;5800;9,97;89,7;10,3
7411;Kolaka Timur;NA;NA;NA;91042;86672;177717;118906;291862;28200;15,57;91,83;8,17
7412;Konawe Kepulauan;NA;NA;NA;15736;15898;31634;20158;240679;5300;16,73;73,03;26,97
7413;Muna Barat;NA;NA;NA;37360;39594;76952;48822;;;;;
7414;Buton Tengah;NA;NA;NA;42524;46616;89136;52788;;;;;
7415;Buton Selatan;NA;NA;NA;37873;39543;77414;46129;;;;;
7471;Kota Kendari;146401;143565;289966;174862;172036;346899;254088;270861;19250;5,59;98,03;1,97
7472;Kota Baubau;67651;69340;136991;76188;78426;154611;104198;274066;14270;9,24;97,05;2,95
7501;Boalemo;65867;63386;129253;75889;73736;149625;104871;309227;32190;21,67;77,42;22,58
7502;Gorontalo;178088;177900;355988;184840;185089;369929;264587;343373;80520;21,8;84,17;15,83
7503;Pohuwato;65561;63187;128748;74381;72312;146693;110834;222996;32700;22,43;90,93;9,07
7504;Bone Bolango;71145;70770;141915;76675;76279;152954;109762;304627;28190;18,49;91,99;8,01
7505;Gorontalo Utara;52970;51163;104133;56011;54536;110547;76947;222054;21060;18,93;79,39;20,61
7571;Kota Gorontalo;88283;91844;180127;99097;102826;201922;150647;404620;12180;6,05;98,39;1,61
7601;Majene;73673;77434;151107;79952;83667;163621;110223;290568;25790;15,57;91,83;8,17
7602;Polewali Mandar;193108;203012;396120;206656;215411;422069;293931;305462;77900;18,22;92,18;7,82
7603;Mamasa;71088;68994;140082;76587;74984;151571;103456;213369;22580;14,71;81,1;18,9
7604;Mamuju;173413;163560;336973;135091;130257;265347;178718;202167;17960;6,7;82,67;17,33
7605;Mamuju Utara-Pasangkayu;70244;64125;134369;81270;74934;156203;104316;294156;7860;4,99;89,36;10,64
7606;Mamuju Tengah;NA;NA;NA;62618;58566;121183;82061;203120;8400;6,86;91,09;8,91
8101;Maluku Tenggara Barat;53017;52324;105341;55442;54812;110254;70596;301424;32430;29,17;66,23;33,77
8102;Maluku Tenggara;47463;48979;96442;48351;50179;98531;63473;331518;24940;25,23;82,47;17,53
8103;Maluku Tengah;183096;178602;361698;186186;182557;368743;227692;391011;81430;22,1;92,36;7,64
8104;Buru;55721;52724;108445;65473;62238;127710;82485;383904;23420;18,47;79,19;20,81
8105;Kepulauan Aru;43664;40474;84138;47363;43774;91136;58525;312520;26140;28,64;51,45;48,55
8106;Seram Bagian Barat;83976;80680;164656;86185;83034;169218;106072;320963;44610;26,35;84,66;15,34
8107;Seram Bagian Timur;50576;48489;99065;55129;53109;108238;68716;311770;27440;25,37;67,6;32,4
8108;Maluku Barat Daya;35640;35074;70714;36323;35849;72172;46306;329863;22900;31,58;57,64;42,36
8109;Buru Selatan;27595;26076;53671;30341;28857;59197;35370;500864;10410;17,58;73,93;26,07
8171;Kota Ambon;165926;165328;331254;205509;205469;410979;299793;473236;17940;4,38;99,94;0,06
8172;Kota Tual;28803;29279;58082;33325;34352;67678;44303;328247;16740;24,9;82,61;17,39
8201;Halmahera Barat;51477;48947;100424;56466;54054;110520;73388;269068;10810;9,69;88,33;11,67
8202;Halmahera Tengah;22003;20812;42815;25427;24292;49718;31208;361983;7520;15,23;80,69;19,31
8203;Kepulauan Sula;67456;65068;132524;48107;47009;95115;60263;284471;9020;8,85;72,68;27,32
8204;Halmahera Selatan;101780;97131;198911;111713;107732;219444;136044;245113;10090;4,61;73,97;26,03
8205;Halmahera Utara;83006;78841;161847;91924;87855;179779;117256;195091;8950;4,99;87,59;12,41
8206;Halmahera Timur;38486;34623;73109;44614;40422;85036;55770;441911;13300;15,33;81,65;18,35
8207;Pulau Morotai;27267;25430;52697;31153;29466;60619;38288;211627;5090;8,39;70,77;29,23
8208;Pulau Taliabu;NA;NA;NA;25859;24760;50619;33245;286373;3600;7,04;80,65;19,35
8271;Kota Ternate;94476;91229;185705;107984;104634;212618;152643;459551;6370;2,99;98,92;1,08
8272;Kota Tidore Kepulauan;45442;44613;90055;48826;47980;96806;65974;340912;5200;5,38;98,95;1,05
9101;Fakfak;35409;31419;66828;38721;34604;73325;50112;433491;20560;27,51;93,7;6,3
9102;Kaimana;24743;21506;46249;29056;25001;54060;38267;336596;9610;17,79;70,39;29,61
9103;Teluk Wondama;14171;12150;26321;15900;12831;28735;19225;446542;11080;37,44;66,94;33,06
9104;Teluk Bintuni;29078;23344;52422;32554;26520;59081;42444;541295;22100;36,66;85,07;14,93
9105;Manokwari;98940;88786;187726;83612;74404;158018;114342;502049;40010;25,28;93,02;6,98
9106;Sorong Selatan;19871;18029;37900;22311;20643;42952;27289;263877;8700;20,38;87,84;12,16
9107;Sorong;37502;33117;70619;42521;38017;80538;57063;290375;26690;33,35;94,62;5,38
9108;Raja Ampat;22653;19854;42507;24299;21534;45834;29910;282739;9560;20,94;90,92;9,08
9109;Tambrauw;3227;2917;6144;6990;6599;13589;8424;290732;5170;38,11;67,35;32,65
9110;Maybrat;16884;16197;33081;18942;18518;37456;29028;292468;14000;35,31;82,99;17,01
9111;Manokwari Selatan;NA;NA;NA;11336;10529;21864;13935;557907;7780;34,02;61,87;38,13
9112;Pegunungan Arfak;NA;NA;NA;14014;14206;28216;19222;586493;11580;39,23;22,64;77,36
9171;Kota Sorong;99920;90705;190625;117003;108155;225150;161586;570657;39240;17,56;99,81;0,19
9401;Merauke;103078;92638;195716;111967;104185;216153;153582;294257;23960;11,1;92,62;7,38
9402;Jayawijaya;101217;94868;196085;105413;100496;205908;154938;349878;81120;39,48;34,26;65,74
9403;Jayapura;59527;52416;111943;63762;57406;121168;86536;454989;18230;14,69;87,41;12,59
9404;Nabire;69369;60524;129893;74456;65442;139898;97132;486456;34120;24,37;83,69;16,31
9408;Kepulauan Yapen;42965;39986;82951;46805;44416;91222;61459;512934;25230;27,7;74,59;25,41
9409;Biak Numfor;65600;61198;126798;71761;67132;138893;95572;466074;37760;27,23;95,93;4,07
9410;Paniai;80437;72995;153432;85318;78634;163952;106022;388098;61340;37,43;16,3;83,7
9411;Puncak Jaya;54779;46369;101148;62188;52892;115080;85842;497583;43060;37,45;3,42;96,58
9412;Mimika;103027;78974;182001;112898;88376;201274;136221;597620;32850;16,2;93,18;6,82
9413;Boven Digoel;30408;25376;55784;33840;29055;62894;42504;379630;12200;19,5;80,8;19,2
9414;Mappi;42765;38893;81658;46399;45294;91693;54650;260880;24600;26,96;24,06;75,94
9415;Asmat;40220;36357;76577;44689;43713;88401;54547;299893;25050;28,48;26,55;73,45
9416;Yahukimo;86735;77777;164512;93527;87437;180964;120046;303586;74370;41,26;2,03;97,97
9417;Pegunungan Bintang;35305;30129;65434;37540;34027;71567;49678;405665;22510;31,55;16,82;83,18
9418;Tolikara;61801;52626;114427;71234;59827;131061;90597;218759;45720;34;5,07;94,93
9419;Sarmi;18257;14714;32971;19531;17192;36724;25582;377926;5050;13,85;83,59;16,41
9420;Keerom;26526;22010;48536;28838;24749;53587;36634;460199;8460;15,83;84,05;15,95
9426;Waropen;13137;11502;24639;14590;13748;28338;18325;536760;8890;31,41;75,89;24,11
9427;Supiori;8342;7532;15874;9103;9047;18150;11553;381346;7200;39,25;82,75;17,25
9428;Mamberamo Raya;9763;8602;18365;10861;10619;21480;13890;569859;6310;29,71;25,53;74,47
9429;Nduga;43097;35956;79053;52784;41201;93985;60777;239201;33380;35,89;2,41;97,59
9430;Lanny Jaya;79691;68831;148522;93415;78865;172280;111407;383166;72130;41,97;2,6;97,4
9431;Mamberamo Tengah;21327;18210;39537;24973;21255;46229;29894;316341;16360;35,54;26,31;73,69
9432;Yalimo;26985;23778;50763;31554;27219;58773;38007;270455;21360;35,88;26,78;73,22
9433;Puncak;49260;43958;93218;53980;49437;103417;69920;517396;39880;38,74;3,26;96,74
9434;Dogiyai;42542;41688;84230;45815;46191;92006;64347;385923;26680;29,1;30,7;69,3
9435;Intan Jaya;20745;19745;40490;23346;22480;45825;29634;501749;18840;41,34;0,33;99,67
9436;Deiyai;32391;29728;62119;36133;33110;69242;44777;483206;31530;45,74;17,56;82,44
9471;Kota Jayapura;136587;120118;256705;151144;131780;282924;199693;763326;34340;12,22;97,77;2,23